timeStamp,elapsed,label,responseCode,responseMessage,threadName,dataType,success,failureMessage,bytes,sentBytes,grpThreads,allThreads,URL,Latency,IdleTime,Connect
1740752985742,26,HTTP Request,200,OK,Thread Group 1-1,text,true,,307,253,13,13,http://localhost/exam/Exo1/src/api.php,26,0,1
1740752985745,27,HTTP Request,200,OK,Thread Group 1-3,text,true,,307,253,15,15,http://localhost/exam/Exo1/src/api.php,27,0,0
1740752985748,24,HTTP Request,200,OK,Thread Group 1-4,text,true,,307,253,14,14,http://localhost/exam/Exo1/src/api.php,24,0,0
1740752985755,19,HTTP Request,200,OK,Thread Group 1-8,text,true,,307,253,14,14,http://localhost/exam/Exo1/src/api.php,19,0,0
1740752985754,20,HTTP Request,200,OK,Thread Group 1-7,text,true,,307,253,13,13,http://localhost/exam/Exo1/src/api.php,20,0,0
1740752985751,25,HTTP Request,200,OK,Thread Group 1-6,text,true,,307,253,13,13,http://localhost/exam/Exo1/src/api.php,25,0,1
1740752985757,19,HTTP Request,200,OK,Thread Group 1-9,text,true,,307,253,13,13,http://localhost/exam/Exo1/src/api.php,19,0,0
1740752985749,30,HTTP Request,200,OK,Thread Group 1-5,text,true,,307,253,13,13,http://localhost/exam/Exo1/src/api.php,30,0,1
1740752985744,37,HTTP Request,200,OK,Thread Group 1-2,text,true,,307,253,13,13,http://localhost/exam/Exo1/src/api.php,37,0,0
1740752985773,11,HTTP Request,200,OK,Thread Group 1-17,text,true,,307,255,13,13,http://localhost/exam/Exo1/src/api.php,11,0,1
1740752985775,11,HTTP Request,200,OK,Thread Group 1-18,text,true,,307,255,13,13,http://localhost/exam/Exo1/src/api.php,11,0,0
1740752985764,26,HTTP Request,200,OK,Thread Group 1-12,text,true,,307,255,14,14,http://localhost/exam/Exo1/src/api.php,26,0,0
1740752985761,31,HTTP Request,200,OK,Thread Group 1-11,text,true,,307,255,14,14,http://localhost/exam/Exo1/src/api.php,31,0,0
1740752985760,34,HTTP Request,200,OK,Thread Group 1-10,text,true,,307,255,14,14,http://localhost/exam/Exo1/src/api.php,34,0,1
1740752985789,11,HTTP Request,200,OK,Thread Group 1-25,text,true,,307,255,16,16,http://localhost/exam/Exo1/src/api.php,11,0,0
1740752985765,35,HTTP Request,200,OK,Thread Group 1-13,text,true,,307,255,16,16,http://localhost/exam/Exo1/src/api.php,35,0,0
1740752985783,24,HTTP Request,200,OK,Thread Group 1-22,text,true,,307,255,17,17,http://localhost/exam/Exo1/src/api.php,24,0,1
1740752985779,30,HTTP Request,200,OK,Thread Group 1-20,text,true,,307,255,18,18,http://localhost/exam/Exo1/src/api.php,30,0,0
1740752985777,36,HTTP Request,200,OK,Thread Group 1-19,text,true,,307,255,19,19,http://localhost/exam/Exo1/src/api.php,36,0,0
1740752985786,27,HTTP Request,200,OK,Thread Group 1-23,text,true,,307,255,19,19,http://localhost/exam/Exo1/src/api.php,27,0,0
1740752985787,26,HTTP Request,200,OK,Thread Group 1-24,text,true,,307,255,19,19,http://localhost/exam/Exo1/src/api.php,26,0,0
1740752985782,35,HTTP Request,200,OK,Thread Group 1-21,text,true,,307,255,18,18,http://localhost/exam/Exo1/src/api.php,35,0,0
1740752985768,49,HTTP Request,200,OK,Thread Group 1-15,text,true,,307,255,17,17,http://localhost/exam/Exo1/src/api.php,49,0,1
1740752985771,48,HTTP Request,200,OK,Thread Group 1-16,text,true,,307,255,16,16,http://localhost/exam/Exo1/src/api.php,48,0,1
1740752985768,53,HTTP Request,200,OK,Thread Group 1-14,text,true,,307,255,16,16,http://localhost/exam/Exo1/src/api.php,53,0,1
1740752985801,20,HTTP Request,200,OK,Thread Group 1-31,text,true,,307,255,16,16,http://localhost/exam/Exo1/src/api.php,20,0,0
1740752985791,32,HTTP Request,200,OK,Thread Group 1-26,text,true,,307,255,15,15,http://localhost/exam/Exo1/src/api.php,32,0,1
1740752985795,30,HTTP Request,200,OK,Thread Group 1-28,text,true,,307,255,16,16,http://localhost/exam/Exo1/src/api.php,30,0,1
1740752985792,35,HTTP Request,200,OK,Thread Group 1-27,text,true,,307,255,15,15,http://localhost/exam/Exo1/src/api.php,35,0,1
1740752985803,24,HTTP Request,200,OK,Thread Group 1-32,text,true,,307,255,15,15,http://localhost/exam/Exo1/src/api.php,24,0,0
1740752985798,29,HTTP Request,200,OK,Thread Group 1-29,text,true,,307,255,14,14,http://localhost/exam/Exo1/src/api.php,29,0,0
1740752985799,30,HTTP Request,200,OK,Thread Group 1-30,text,true,,307,255,14,14,http://localhost/exam/Exo1/src/api.php,30,0,0
1740752985825,6,HTTP Request,200,OK,Thread Group 1-43,text,true,,307,255,14,14,http://localhost/exam/Exo1/src/api.php,6,0,0
1740752985807,29,HTTP Request,200,OK,Thread Group 1-33,text,true,,307,255,15,15,http://localhost/exam/Exo1/src/api.php,29,0,0
1740752985816,22,HTTP Request,200,OK,Thread Group 1-39,text,true,,307,255,15,15,http://localhost/exam/Exo1/src/api.php,22,0,1
1740752985815,25,HTTP Request,200,OK,Thread Group 1-38,text,true,,307,255,15,15,http://localhost/exam/Exo1/src/api.php,25,0,0
1740752985813,27,HTTP Request,200,OK,Thread Group 1-37,text,true,,307,255,15,15,http://localhost/exam/Exo1/src/api.php,27,0,0
1740752985808,32,HTTP Request,200,OK,Thread Group 1-34,text,true,,307,255,13,13,http://localhost/exam/Exo1/src/api.php,32,0,0
1740752985811,31,HTTP Request,200,OK,Thread Group 1-36,text,true,,307,255,13,13,http://localhost/exam/Exo1/src/api.php,31,0,0
1740752985819,23,HTTP Request,200,OK,Thread Group 1-40,text,true,,307,255,13,13,http://localhost/exam/Exo1/src/api.php,23,0,1
1740752985808,34,HTTP Request,200,OK,Thread Group 1-35,text,true,,307,255,11,11,http://localhost/exam/Exo1/src/api.php,34,0,0
1740752985835,9,HTTP Request,200,OK,Thread Group 1-48,text,true,,307,255,11,11,http://localhost/exam/Exo1/src/api.php,9,0,0
1740752985838,8,HTTP Request,200,OK,Thread Group 1-49,text,true,,307,255,11,11,http://localhost/exam/Exo1/src/api.php,8,0,1
1740752985821,31,HTTP Request,200,OK,Thread Group 1-41,text,true,,307,255,13,13,http://localhost/exam/Exo1/src/api.php,31,0,1
1740752985827,27,HTTP Request,200,OK,Thread Group 1-44,text,true,,307,255,14,14,http://localhost/exam/Exo1/src/api.php,27,0,1
1740752985824,32,HTTP Request,200,OK,Thread Group 1-42,text,true,,307,255,13,13,http://localhost/exam/Exo1/src/api.php,32,0,0
1740752985829,27,HTTP Request,200,OK,Thread Group 1-45,text,true,,307,255,13,13,http://localhost/exam/Exo1/src/api.php,27,0,1
1740752985833,26,HTTP Request,200,OK,Thread Group 1-47,text,true,,307,255,13,13,http://localhost/exam/Exo1/src/api.php,26,0,1
1740752985831,28,HTTP Request,200,OK,Thread Group 1-46,text,true,,307,255,13,13,http://localhost/exam/Exo1/src/api.php,28,0,0
1740752985850,17,HTTP Request,200,OK,Thread Group 1-55,text,true,,307,255,14,14,http://localhost/exam/Exo1/src/api.php,17,0,0
1740752985848,21,HTTP Request,200,OK,Thread Group 1-54,text,true,,307,255,14,14,http://localhost/exam/Exo1/src/api.php,21,0,0
1740752985843,26,HTTP Request,200,OK,Thread Group 1-52,text,true,,307,255,14,14,http://localhost/exam/Exo1/src/api.php,26,0,0
1740752985846,26,HTTP Request,200,OK,Thread Group 1-53,text,true,,307,255,14,14,http://localhost/exam/Exo1/src/api.php,26,0,0
1740752985839,33,HTTP Request,200,OK,Thread Group 1-50,text,true,,307,255,14,14,http://localhost/exam/Exo1/src/api.php,33,0,0
1740752985841,31,HTTP Request,200,OK,Thread Group 1-51,text,true,,307,255,14,14,http://localhost/exam/Exo1/src/api.php,31,0,0
1740752985863,22,HTTP Request,200,OK,Thread Group 1-62,text,true,,307,255,17,17,http://localhost/exam/Exo1/src/api.php,22,0,0
1740752985854,33,HTTP Request,200,OK,Thread Group 1-58,text,true,,307,255,18,18,http://localhost/exam/Exo1/src/api.php,33,0,1
1740752985858,32,HTTP Request,200,OK,Thread Group 1-59,text,true,,307,255,18,18,http://localhost/exam/Exo1/src/api.php,32,0,0
1740752985866,24,HTTP Request,200,OK,Thread Group 1-63,text,true,,307,255,18,18,http://localhost/exam/Exo1/src/api.php,24,0,0
1740752985852,38,HTTP Request,200,OK,Thread Group 1-56,text,true,,307,255,18,18,http://localhost/exam/Exo1/src/api.php,38,0,0
1740752985859,33,HTTP Request,200,OK,Thread Group 1-60,text,true,,307,255,16,16,http://localhost/exam/Exo1/src/api.php,33,0,0
1740752985861,31,HTTP Request,200,OK,Thread Group 1-61,text,true,,307,255,16,16,http://localhost/exam/Exo1/src/api.php,31,0,0
1740752985853,41,HTTP Request,200,OK,Thread Group 1-57,text,true,,307,255,16,16,http://localhost/exam/Exo1/src/api.php,41,0,0
1740752985877,17,HTTP Request,200,OK,Thread Group 1-69,text,true,,307,255,16,16,http://localhost/exam/Exo1/src/api.php,17,0,1
1740752985872,26,HTTP Request,200,OK,Thread Group 1-66,text,true,,307,255,15,15,http://localhost/exam/Exo1/src/api.php,26,0,0
1740752985875,25,HTTP Request,200,OK,Thread Group 1-68,text,true,,307,255,15,15,http://localhost/exam/Exo1/src/api.php,25,0,0
1740752985879,23,HTTP Request,200,OK,Thread Group 1-70,text,true,,307,255,15,15,http://localhost/exam/Exo1/src/api.php,23,0,0
1740752985873,29,HTTP Request,200,OK,Thread Group 1-67,text,true,,307,255,15,15,http://localhost/exam/Exo1/src/api.php,29,0,0
1740752985881,24,HTTP Request,200,OK,Thread Group 1-71,text,true,,307,255,15,15,http://localhost/exam/Exo1/src/api.php,24,0,0
1740752985869,36,HTTP Request,200,OK,Thread Group 1-65,text,true,,307,255,15,15,http://localhost/exam/Exo1/src/api.php,36,0,1
1740752985868,38,HTTP Request,200,OK,Thread Group 1-64,text,true,,307,255,13,13,http://localhost/exam/Exo1/src/api.php,38,0,0
1740752985905,6,HTTP Request,200,OK,Thread Group 1-83,text,true,,307,255,15,15,http://localhost/exam/Exo1/src/api.php,6,0,0
1740752985886,28,HTTP Request,200,OK,Thread Group 1-73,text,true,,307,255,15,15,http://localhost/exam/Exo1/src/api.php,28,0,1
1740752985890,26,HTTP Request,200,OK,Thread Group 1-75,text,true,,307,255,15,15,http://localhost/exam/Exo1/src/api.php,26,0,0
1740752985887,31,HTTP Request,200,OK,Thread Group 1-74,text,true,,307,255,15,15,http://localhost/exam/Exo1/src/api.php,31,0,0
1740752985893,27,HTTP Request,200,OK,Thread Group 1-77,text,true,,307,255,15,15,http://localhost/exam/Exo1/src/api.php,27,0,0
1740752985883,37,HTTP Request,200,OK,Thread Group 1-72,text,true,,307,255,15,15,http://localhost/exam/Exo1/src/api.php,37,0,0
1740752985897,23,HTTP Request,200,OK,Thread Group 1-79,text,true,,307,255,15,15,http://localhost/exam/Exo1/src/api.php,23,0,0
1740752985894,26,HTTP Request,200,OK,Thread Group 1-78,text,true,,307,255,15,15,http://localhost/exam/Exo1/src/api.php,26,0,0
1740752985892,28,HTTP Request,200,OK,Thread Group 1-76,text,true,,307,255,15,15,http://localhost/exam/Exo1/src/api.php,28,0,0
1740752985913,17,HTTP Request,200,OK,Thread Group 1-87,text,true,,307,255,14,14,http://localhost/exam/Exo1/src/api.php,17,0,0
1740752985909,25,HTTP Request,200,OK,Thread Group 1-85,text,true,,307,255,17,17,http://localhost/exam/Exo1/src/api.php,25,0,0
1740752985907,27,HTTP Request,200,OK,Thread Group 1-84,text,true,,307,255,17,17,http://localhost/exam/Exo1/src/api.php,27,0,0
1740752985911,23,HTTP Request,200,OK,Thread Group 1-86,text,true,,307,255,17,17,http://localhost/exam/Exo1/src/api.php,23,0,0
1740752985902,34,HTTP Request,200,OK,Thread Group 1-82,text,true,,307,255,14,14,http://localhost/exam/Exo1/src/api.php,34,0,1
1740752985901,35,HTTP Request,200,OK,Thread Group 1-81,text,true,,307,255,14,14,http://localhost/exam/Exo1/src/api.php,35,0,1
1740752985932,6,HTTP Request,200,OK,Thread Group 1-97,text,true,,307,255,14,14,http://localhost/exam/Exo1/src/api.php,6,0,0
1740752985899,39,HTTP Request,200,OK,Thread Group 1-80,text,true,,307,255,14,14,http://localhost/exam/Exo1/src/api.php,39,0,0
1740752985918,25,HTTP Request,200,OK,Thread Group 1-89,text,true,,307,255,14,14,http://localhost/exam/Exo1/src/api.php,25,0,0
1740752985926,21,HTTP Request,200,OK,Thread Group 1-93,text,true,,307,255,15,15,http://localhost/exam/Exo1/src/api.php,21,0,0
1740752985924,23,HTTP Request,200,OK,Thread Group 1-92,text,true,,307,255,15,15,http://localhost/exam/Exo1/src/api.php,23,0,0
1740752985920,30,HTTP Request,200,OK,Thread Group 1-90,text,true,,307,255,14,14,http://localhost/exam/Exo1/src/api.php,30,0,1
1740752985928,22,HTTP Request,200,OK,Thread Group 1-94,text,true,,307,255,14,14,http://localhost/exam/Exo1/src/api.php,22,0,1
1740752985915,35,HTTP Request,200,OK,Thread Group 1-88,text,true,,307,255,12,12,http://localhost/exam/Exo1/src/api.php,35,0,0
1740752985921,31,HTTP Request,200,OK,Thread Group 1-91,text,true,,307,255,12,12,http://localhost/exam/Exo1/src/api.php,31,0,1
1740752985934,25,HTTP Request,200,OK,Thread Group 1-98,text,true,,307,255,15,15,http://localhost/exam/Exo1/src/api.php,25,0,0
1740752985938,23,HTTP Request,200,OK,Thread Group 1-100,text,true,,307,257,15,15,http://localhost/exam/Exo1/src/api.php,23,0,0
1740752985942,19,HTTP Request,200,OK,Thread Group 1-102,text,true,,307,257,15,15,http://localhost/exam/Exo1/src/api.php,19,0,1
1740752985937,26,HTTP Request,200,OK,Thread Group 1-99,text,true,,307,255,14,14,http://localhost/exam/Exo1/src/api.php,26,0,0
1740752985941,22,HTTP Request,200,OK,Thread Group 1-101,text,true,,307,257,14,14,http://localhost/exam/Exo1/src/api.php,22,0,0
1740752985931,34,HTTP Request,200,OK,Thread Group 1-96,text,true,,307,255,13,13,http://localhost/exam/Exo1/src/api.php,34,0,0
1740752985931,36,HTTP Request,200,OK,Thread Group 1-95,text,true,,307,255,12,12,http://localhost/exam/Exo1/src/api.php,36,0,0
1740752985958,17,HTTP Request,200,OK,Thread Group 1-109,text,true,,307,257,16,16,http://localhost/exam/Exo1/src/api.php,17,0,0
1740752985954,23,HTTP Request,200,OK,Thread Group 1-108,text,true,,307,257,16,16,http://localhost/exam/Exo1/src/api.php,23,0,0
1740752985944,33,HTTP Request,200,OK,Thread Group 1-103,text,true,,307,257,16,16,http://localhost/exam/Exo1/src/api.php,33,0,1
1740752985952,27,HTTP Request,200,OK,Thread Group 1-107,text,true,,307,257,14,14,http://localhost/exam/Exo1/src/api.php,27,0,0
1740752985948,31,HTTP Request,200,OK,Thread Group 1-105,text,true,,307,257,14,14,http://localhost/exam/Exo1/src/api.php,31,0,1
1740752985950,29,HTTP Request,200,OK,Thread Group 1-106,text,true,,307,257,14,14,http://localhost/exam/Exo1/src/api.php,29,0,1
1740752985959,22,HTTP Request,200,OK,Thread Group 1-110,text,true,,307,257,13,13,http://localhost/exam/Exo1/src/api.php,22,0,0
1740752985946,35,HTTP Request,200,OK,Thread Group 1-104,text,true,,307,257,12,12,http://localhost/exam/Exo1/src/api.php,35,0,1
1740752985972,19,HTTP Request,200,OK,Thread Group 1-117,text,true,,307,257,16,16,http://localhost/exam/Exo1/src/api.php,19,0,0
1740752985964,27,HTTP Request,200,OK,Thread Group 1-113,text,true,,307,257,16,16,http://localhost/exam/Exo1/src/api.php,27,0,1
1740752985968,25,HTTP Request,200,OK,Thread Group 1-115,text,true,,307,257,15,15,http://localhost/exam/Exo1/src/api.php,25,0,1
1740752985971,22,HTTP Request,200,OK,Thread Group 1-116,text,true,,307,257,14,14,http://localhost/exam/Exo1/src/api.php,22,0,0
1740752985963,32,HTTP Request,200,OK,Thread Group 1-112,text,true,,307,257,14,14,http://localhost/exam/Exo1/src/api.php,32,0,0
1740752985960,35,HTTP Request,200,OK,Thread Group 1-111,text,true,,307,257,14,14,http://localhost/exam/Exo1/src/api.php,35,0,0
1740752985967,30,HTTP Request,200,OK,Thread Group 1-114,text,true,,307,257,13,13,http://localhost/exam/Exo1/src/api.php,30,0,1
1740752985974,25,HTTP Request,200,OK,Thread Group 1-118,text,true,,307,257,13,13,http://localhost/exam/Exo1/src/api.php,25,0,0
1740752985994,6,HTTP Request,200,OK,Thread Group 1-128,text,true,,307,257,13,13,http://localhost/exam/Exo1/src/api.php,6,0,0
1740752985989,16,HTTP Request,200,OK,Thread Group 1-125,text,true,,307,257,14,14,http://localhost/exam/Exo1/src/api.php,16,0,0
1740752985984,24,HTTP Request,200,OK,Thread Group 1-123,text,true,,307,257,14,14,http://localhost/exam/Exo1/src/api.php,24,0,0
1740752985983,25,HTTP Request,200,OK,Thread Group 1-122,text,true,,307,257,14,14,http://localhost/exam/Exo1/src/api.php,25,0,0
1740752985980,30,HTTP Request,200,OK,Thread Group 1-120,text,true,,307,257,13,13,http://localhost/exam/Exo1/src/api.php,30,0,0
1740752985981,29,HTTP Request,200,OK,Thread Group 1-121,text,true,,307,257,13,13,http://localhost/exam/Exo1/src/api.php,29,0,0
1740752985986,24,HTTP Request,200,OK,Thread Group 1-124,text,true,,307,257,14,14,http://localhost/exam/Exo1/src/api.php,24,0,1
1740752985976,36,HTTP Request,200,OK,Thread Group 1-119,text,true,,307,257,11,11,http://localhost/exam/Exo1/src/api.php,36,0,0
1740752985996,24,HTTP Request,200,OK,Thread Group 1-129,text,true,,307,257,14,14,http://localhost/exam/Exo1/src/api.php,24,0,0
1740752985992,30,HTTP Request,200,OK,Thread Group 1-127,text,true,,307,257,14,14,http://localhost/exam/Exo1/src/api.php,30,0,0
1740752985998,24,HTTP Request,200,OK,Thread Group 1-130,text,true,,307,257,14,14,http://localhost/exam/Exo1/src/api.php,24,0,0
1740752985991,34,HTTP Request,200,OK,Thread Group 1-126,text,true,,307,257,14,14,http://localhost/exam/Exo1/src/api.php,34,0,0
1740752986001,24,HTTP Request,200,OK,Thread Group 1-131,text,true,,307,257,14,14,http://localhost/exam/Exo1/src/api.php,24,0,0
1740752986003,22,HTTP Request,200,OK,Thread Group 1-132,text,true,,307,257,14,14,http://localhost/exam/Exo1/src/api.php,22,0,0
1740752986004,24,HTTP Request,200,OK,Thread Group 1-133,text,true,,307,257,12,12,http://localhost/exam/Exo1/src/api.php,24,0,1
1740752986020,16,HTTP Request,200,OK,Thread Group 1-140,text,true,,307,257,15,15,http://localhost/exam/Exo1/src/api.php,16,0,0
1740752986006,34,HTTP Request,200,OK,Thread Group 1-134,text,true,,307,257,16,16,http://localhost/exam/Exo1/src/api.php,34,0,1
1740752986017,23,HTTP Request,200,OK,Thread Group 1-139,text,true,,307,257,16,16,http://localhost/exam/Exo1/src/api.php,23,0,1
1740752986013,31,HTTP Request,200,OK,Thread Group 1-137,text,true,,307,257,16,16,http://localhost/exam/Exo1/src/api.php,31,0,0
1740752986016,28,HTTP Request,200,OK,Thread Group 1-138,text,true,,307,257,16,16,http://localhost/exam/Exo1/src/api.php,28,0,0
1740752986010,34,HTTP Request,200,OK,Thread Group 1-136,text,true,,307,257,16,16,http://localhost/exam/Exo1/src/api.php,34,0,1
1740752986009,35,HTTP Request,200,OK,Thread Group 1-135,text,true,,307,257,16,16,http://localhost/exam/Exo1/src/api.php,35,0,0
1740752986034,10,HTTP Request,200,OK,Thread Group 1-147,text,true,,307,257,16,16,http://localhost/exam/Exo1/src/api.php,10,0,0
1740752986023,28,HTTP Request,200,OK,Thread Group 1-142,text,true,,307,257,15,15,http://localhost/exam/Exo1/src/api.php,28,0,1
1740752986024,29,HTTP Request,200,OK,Thread Group 1-143,text,true,,307,257,15,15,http://localhost/exam/Exo1/src/api.php,29,0,0
1740752986031,24,HTTP Request,200,OK,Thread Group 1-146,text,true,,307,257,15,15,http://localhost/exam/Exo1/src/api.php,24,0,0
1740752986027,30,HTTP Request,200,OK,Thread Group 1-144,text,true,,307,257,15,15,http://localhost/exam/Exo1/src/api.php,30,0,0
1740752986029,28,HTTP Request,200,OK,Thread Group 1-145,text,true,,307,257,14,14,http://localhost/exam/Exo1/src/api.php,28,0,0
1740752986021,36,HTTP Request,200,OK,Thread Group 1-141,text,true,,307,257,14,14,http://localhost/exam/Exo1/src/api.php,36,0,1
1740752986035,24,HTTP Request,200,OK,Thread Group 1-148,text,true,,307,257,13,13,http://localhost/exam/Exo1/src/api.php,24,0,0
1740752986036,31,HTTP Request,200,OK,Thread Group 1-149,text,true,,307,257,16,16,http://localhost/exam/Exo1/src/api.php,31,0,1
1740752986046,23,HTTP Request,200,OK,Thread Group 1-154,text,true,,307,257,15,15,http://localhost/exam/Exo1/src/api.php,23,0,0
1740752986048,21,HTTP Request,200,OK,Thread Group 1-155,text,true,,307,257,16,16,http://localhost/exam/Exo1/src/api.php,21,0,0
1740752986044,27,HTTP Request,200,OK,Thread Group 1-152,text,true,,307,257,14,14,http://localhost/exam/Exo1/src/api.php,27,0,0
1740752986045,26,HTTP Request,200,OK,Thread Group 1-153,text,true,,307,257,14,14,http://localhost/exam/Exo1/src/api.php,26,0,0
1740752986050,21,HTTP Request,200,OK,Thread Group 1-156,text,true,,307,257,14,14,http://localhost/exam/Exo1/src/api.php,21,0,1
1740752986041,33,HTTP Request,200,OK,Thread Group 1-151,text,true,,307,257,13,13,http://localhost/exam/Exo1/src/api.php,33,0,0
1740752986039,37,HTTP Request,200,OK,Thread Group 1-150,text,true,,307,257,13,13,http://localhost/exam/Exo1/src/api.php,37,0,0
1740752986059,23,HTTP Request,200,OK,Thread Group 1-160,text,true,,307,257,15,15,http://localhost/exam/Exo1/src/api.php,23,0,0
1740752986063,21,HTTP Request,200,OK,Thread Group 1-162,text,true,,307,257,15,15,http://localhost/exam/Exo1/src/api.php,21,0,0
1740752986065,21,HTTP Request,200,OK,Thread Group 1-163,text,true,,307,257,15,15,http://localhost/exam/Exo1/src/api.php,21,0,0
1740752986057,31,HTTP Request,200,OK,Thread Group 1-159,text,true,,307,257,15,15,http://localhost/exam/Exo1/src/api.php,31,0,0
1740752986060,28,HTTP Request,200,OK,Thread Group 1-161,text,true,,307,257,15,15,http://localhost/exam/Exo1/src/api.php,28,0,0
1740752986055,33,HTTP Request,200,OK,Thread Group 1-158,text,true,,307,257,13,13,http://localhost/exam/Exo1/src/api.php,33,0,0
1740752986052,36,HTTP Request,200,OK,Thread Group 1-157,text,true,,307,257,13,13,http://localhost/exam/Exo1/src/api.php,36,0,1
1740752986081,17,HTTP Request,200,OK,Thread Group 1-171,text,true,,307,257,16,16,http://localhost/exam/Exo1/src/api.php,17,0,0
1740752986079,21,HTTP Request,200,OK,Thread Group 1-170,text,true,,307,257,16,16,http://localhost/exam/Exo1/src/api.php,21,0,1
1740752986074,26,HTTP Request,200,OK,Thread Group 1-167,text,true,,307,257,15,15,http://localhost/exam/Exo1/src/api.php,26,0,0
1740752986069,31,HTTP Request,200,OK,Thread Group 1-165,text,true,,307,257,15,15,http://localhost/exam/Exo1/src/api.php,31,0,1
1740752986067,35,HTTP Request,200,OK,Thread Group 1-164,text,true,,307,257,14,14,http://localhost/exam/Exo1/src/api.php,35,0,0
1740752986072,30,HTTP Request,200,OK,Thread Group 1-166,text,true,,307,257,14,14,http://localhost/exam/Exo1/src/api.php,30,0,1
1740752986075,29,HTTP Request,200,OK,Thread Group 1-168,text,true,,307,257,12,12,http://localhost/exam/Exo1/src/api.php,29,0,0
1740752986077,27,HTTP Request,200,OK,Thread Group 1-169,text,true,,307,257,11,11,http://localhost/exam/Exo1/src/api.php,27,0,0
1740752986093,20,HTTP Request,200,OK,Thread Group 1-177,text,true,,307,257,15,15,http://localhost/exam/Exo1/src/api.php,20,0,0
1740752986097,18,HTTP Request,200,OK,Thread Group 1-179,text,true,,307,257,15,15,http://localhost/exam/Exo1/src/api.php,18,0,0
1740752986089,26,HTTP Request,200,OK,Thread Group 1-175,text,true,,307,257,15,15,http://localhost/exam/Exo1/src/api.php,26,0,0
1740752986096,21,HTTP Request,200,OK,Thread Group 1-178,text,true,,307,257,14,14,http://localhost/exam/Exo1/src/api.php,21,0,0
1740752986091,26,HTTP Request,200,OK,Thread Group 1-176,text,true,,307,257,14,14,http://localhost/exam/Exo1/src/api.php,26,0,0
1740752986085,34,HTTP Request,200,OK,Thread Group 1-173,text,true,,307,257,13,13,http://localhost/exam/Exo1/src/api.php,34,0,0
1740752986083,36,HTTP Request,200,OK,Thread Group 1-172,text,true,,307,257,13,13,http://localhost/exam/Exo1/src/api.php,36,0,0
1740752986087,34,HTTP Request,200,OK,Thread Group 1-174,text,true,,307,257,12,12,http://localhost/exam/Exo1/src/api.php,34,0,0
1740752986113,16,HTTP Request,200,OK,Thread Group 1-187,text,true,,307,257,15,15,http://localhost/exam/Exo1/src/api.php,16,0,1
1740752986112,19,HTTP Request,200,OK,Thread Group 1-186,text,true,,307,257,15,15,http://localhost/exam/Exo1/src/api.php,19,0,0
1740752986099,32,HTTP Request,200,OK,Thread Group 1-180,text,true,,307,257,14,14,http://localhost/exam/Exo1/src/api.php,32,0,0
1740752986107,26,HTTP Request,200,OK,Thread Group 1-184,text,true,,307,257,14,14,http://localhost/exam/Exo1/src/api.php,26,0,0
1740752986105,28,HTTP Request,200,OK,Thread Group 1-183,text,true,,307,257,13,13,http://localhost/exam/Exo1/src/api.php,28,0,0
1740752986109,24,HTTP Request,200,OK,Thread Group 1-185,text,true,,307,257,13,13,http://localhost/exam/Exo1/src/api.php,24,0,0
1740752986101,34,HTTP Request,200,OK,Thread Group 1-181,text,true,,307,257,12,12,http://localhost/exam/Exo1/src/api.php,34,0,1
1740752986104,31,HTTP Request,200,OK,Thread Group 1-182,text,true,,307,257,11,11,http://localhost/exam/Exo1/src/api.php,31,0,0
1740752986123,14,HTTP Request,200,OK,Thread Group 1-191,text,true,,307,257,12,12,http://localhost/exam/Exo1/src/api.php,14,0,0
1740752986134,7,HTTP Request,200,OK,Thread Group 1-197,text,true,,307,257,13,13,http://localhost/exam/Exo1/src/api.php,7,0,1
1740752986124,20,HTTP Request,200,OK,Thread Group 1-192,text,true,,307,257,13,13,http://localhost/exam/Exo1/src/api.php,20,0,1
1740752986118,28,HTTP Request,200,OK,Thread Group 1-189,text,true,,307,257,13,13,http://localhost/exam/Exo1/src/api.php,28,0,0
1740752986128,18,HTTP Request,200,OK,Thread Group 1-194,text,true,,307,257,13,13,http://localhost/exam/Exo1/src/api.php,18,0,0
1740752986119,29,HTTP Request,200,OK,Thread Group 1-190,text,true,,307,257,12,12,http://localhost/exam/Exo1/src/api.php,29,0,1
1740752986116,34,HTTP Request,200,OK,Thread Group 1-188,text,true,,307,257,12,12,http://localhost/exam/Exo1/src/api.php,34,0,0
1740752986126,24,HTTP Request,200,OK,Thread Group 1-193,text,true,,307,257,12,12,http://localhost/exam/Exo1/src/api.php,24,0,0
1740752986148,5,HTTP Request,200,OK,Thread Group 1-205,text,true,,307,257,11,11,http://localhost/exam/Exo1/src/api.php,5,0,0
1740752986130,29,HTTP Request,200,OK,Thread Group 1-195,text,true,,307,257,13,13,http://localhost/exam/Exo1/src/api.php,29,0,1
1740752986140,21,HTTP Request,200,OK,Thread Group 1-201,text,true,,307,257,14,14,http://localhost/exam/Exo1/src/api.php,21,0,0
1740752986142,19,HTTP Request,200,OK,Thread Group 1-202,text,true,,307,257,13,13,http://localhost/exam/Exo1/src/api.php,19,0,1
1740752986136,28,HTTP Request,200,OK,Thread Group 1-198,text,true,,307,257,12,12,http://localhost/exam/Exo1/src/api.php,28,0,0
1740752986138,26,HTTP Request,200,OK,Thread Group 1-200,text,true,,307,257,12,12,http://localhost/exam/Exo1/src/api.php,26,0,1
1740752986136,30,HTTP Request,200,OK,Thread Group 1-199,text,true,,307,257,11,11,http://localhost/exam/Exo1/src/api.php,30,0,0
1740752986132,34,HTTP Request,200,OK,Thread Group 1-196,text,true,,307,257,11,11,http://localhost/exam/Exo1/src/api.php,34,0,0
1740752986154,20,HTTP Request,200,OK,Thread Group 1-207,text,true,,307,257,14,14,http://localhost/exam/Exo1/src/api.php,20,0,0
1740752986157,19,HTTP Request,200,OK,Thread Group 1-209,text,true,,307,257,14,14,http://localhost/exam/Exo1/src/api.php,19,0,0
1740752986155,21,HTTP Request,200,OK,Thread Group 1-208,text,true,,307,257,14,14,http://localhost/exam/Exo1/src/api.php,21,0,1
1740752986145,33,HTTP Request,200,OK,Thread Group 1-203,text,true,,307,257,13,13,http://localhost/exam/Exo1/src/api.php,33,0,0
1740752986151,27,HTTP Request,200,OK,Thread Group 1-206,text,true,,307,257,13,13,http://localhost/exam/Exo1/src/api.php,27,0,0
1740752986147,33,HTTP Request,200,OK,Thread Group 1-204,text,true,,307,257,12,12,http://localhost/exam/Exo1/src/api.php,33,0,0
1740752986168,27,HTTP Request,200,OK,Thread Group 1-214,text,true,,307,257,19,19,http://localhost/exam/Exo1/src/api.php,27,0,0
1740752986167,30,HTTP Request,200,OK,Thread Group 1-213,text,true,,307,257,19,19,http://localhost/exam/Exo1/src/api.php,30,0,0
1740752986172,25,HTTP Request,200,OK,Thread Group 1-216,text,true,,307,257,19,19,http://localhost/exam/Exo1/src/api.php,25,0,0
1740752986171,26,HTTP Request,200,OK,Thread Group 1-215,text,true,,307,257,19,19,http://localhost/exam/Exo1/src/api.php,26,0,0
1740752986174,23,HTTP Request,200,OK,Thread Group 1-217,text,true,,307,257,19,19,http://localhost/exam/Exo1/src/api.php,23,0,0
1740752986175,23,HTTP Request,200,OK,Thread Group 1-218,text,true,,307,257,15,15,http://localhost/exam/Exo1/src/api.php,23,0,0
1740752986184,14,HTTP Request,200,OK,Thread Group 1-221,text,true,,307,257,15,15,http://localhost/exam/Exo1/src/api.php,14,0,1
1740752986184,15,HTTP Request,200,OK,Thread Group 1-222,text,true,,307,257,14,14,http://localhost/exam/Exo1/src/api.php,15,0,1
1740752986185,14,HTTP Request,200,OK,Thread Group 1-223,text,true,,307,257,14,14,http://localhost/exam/Exo1/src/api.php,14,0,0
1740752986161,40,HTTP Request,200,OK,Thread Group 1-210,text,true,,307,257,13,13,http://localhost/exam/Exo1/src/api.php,40,0,0
1740752986165,39,HTTP Request,200,OK,Thread Group 1-212,text,true,,307,257,13,13,http://localhost/exam/Exo1/src/api.php,39,0,0
1740752986161,44,HTTP Request,200,OK,Thread Group 1-211,text,true,,307,257,13,13,http://localhost/exam/Exo1/src/api.php,44,0,0
1740752986189,19,HTTP Request,200,OK,Thread Group 1-225,text,true,,307,257,13,13,http://localhost/exam/Exo1/src/api.php,19,0,0
1740752986179,29,HTTP Request,200,OK,Thread Group 1-220,text,true,,307,257,13,13,http://localhost/exam/Exo1/src/api.php,29,0,0
1740752986195,13,HTTP Request,200,OK,Thread Group 1-228,text,true,,307,257,13,13,http://localhost/exam/Exo1/src/api.php,13,0,0
1740752986187,25,HTTP Request,200,OK,Thread Group 1-224,text,true,,307,257,12,12,http://localhost/exam/Exo1/src/api.php,25,0,0
1740752986177,35,HTTP Request,200,OK,Thread Group 1-219,text,true,,307,257,12,12,http://localhost/exam/Exo1/src/api.php,35,0,0
1740752986205,7,HTTP Request,200,OK,Thread Group 1-233,text,true,,307,257,12,12,http://localhost/exam/Exo1/src/api.php,7,0,0
1740752986205,16,HTTP Request,200,OK,Thread Group 1-232,text,true,,307,257,13,13,http://localhost/exam/Exo1/src/api.php,16,0,0
1740752986200,23,HTTP Request,200,OK,Thread Group 1-231,text,true,,307,257,14,14,http://localhost/exam/Exo1/src/api.php,23,0,1
1740752986198,27,HTTP Request,200,OK,Thread Group 1-230,text,true,,307,257,14,14,http://localhost/exam/Exo1/src/api.php,27,0,1
1740752986196,32,HTTP Request,200,OK,Thread Group 1-229,text,true,,307,257,14,14,http://localhost/exam/Exo1/src/api.php,32,0,1
1740752986193,35,HTTP Request,200,OK,Thread Group 1-227,text,true,,307,257,14,14,http://localhost/exam/Exo1/src/api.php,35,0,0
1740752986192,36,HTTP Request,200,OK,Thread Group 1-226,text,true,,307,257,14,14,http://localhost/exam/Exo1/src/api.php,36,0,0
1740752986217,11,HTTP Request,200,OK,Thread Group 1-239,text,true,,307,257,14,14,http://localhost/exam/Exo1/src/api.php,11,0,0
1740752986220,17,HTTP Request,200,OK,Thread Group 1-240,text,true,,307,257,14,14,http://localhost/exam/Exo1/src/api.php,17,0,0
1740752986211,28,HTTP Request,200,OK,Thread Group 1-236,text,true,,307,257,14,14,http://localhost/exam/Exo1/src/api.php,28,0,0
1740752986209,32,HTTP Request,200,OK,Thread Group 1-235,text,true,,307,257,15,15,http://localhost/exam/Exo1/src/api.php,32,0,0
1740752986213,28,HTTP Request,200,OK,Thread Group 1-237,text,true,,307,257,15,15,http://localhost/exam/Exo1/src/api.php,28,0,0
1740752986216,25,HTTP Request,200,OK,Thread Group 1-238,text,true,,307,257,15,15,http://localhost/exam/Exo1/src/api.php,25,0,0
1740752986207,34,HTTP Request,200,OK,Thread Group 1-234,text,true,,307,257,15,15,http://localhost/exam/Exo1/src/api.php,34,0,0
1740752986233,10,HTTP Request,200,OK,Thread Group 1-246,text,true,,307,257,11,11,http://localhost/exam/Exo1/src/api.php,10,0,0
1740752986240,6,HTTP Request,200,OK,Thread Group 1-250,text,true,,307,257,11,11,http://localhost/exam/Exo1/src/api.php,6,0,0
1740752986225,42,HTTP Request,200,OK,Thread Group 1-243,text,true,,307,257,22,22,http://localhost/exam/Exo1/src/api.php,42,0,0
1740752986222,54,HTTP Request,200,OK,Thread Group 1-241,text,true,,307,257,25,25,http://localhost/exam/Exo1/src/api.php,54,0,0
1740752986223,53,HTTP Request,200,OK,Thread Group 1-242,text,true,,307,257,25,25,http://localhost/exam/Exo1/src/api.php,53,0,0
1740752986234,42,HTTP Request,200,OK,Thread Group 1-247,text,true,,307,257,25,25,http://localhost/exam/Exo1/src/api.php,42,0,0
1740752986228,48,HTTP Request,200,OK,Thread Group 1-245,text,true,,307,257,25,25,http://localhost/exam/Exo1/src/api.php,48,0,1
1740752986249,28,HTTP Request,200,OK,Thread Group 1-255,text,true,,307,257,25,25,http://localhost/exam/Exo1/src/api.php,28,0,1
1740752986238,39,HTTP Request,200,OK,Thread Group 1-249,text,true,,307,257,25,25,http://localhost/exam/Exo1/src/api.php,39,0,0
1740752986227,50,HTTP Request,200,OK,Thread Group 1-244,text,true,,307,257,23,23,http://localhost/exam/Exo1/src/api.php,50,0,1
1740752986246,34,HTTP Request,200,OK,Thread Group 1-253,text,true,,307,257,20,20,http://localhost/exam/Exo1/src/api.php,34,0,1
1740752986244,36,HTTP Request,200,OK,Thread Group 1-252,text,true,,307,257,20,20,http://localhost/exam/Exo1/src/api.php,36,0,1
1740752986247,33,HTTP Request,200,OK,Thread Group 1-254,text,true,,307,257,20,20,http://localhost/exam/Exo1/src/api.php,33,0,1
1740752986241,39,HTTP Request,200,OK,Thread Group 1-251,text,true,,307,257,20,20,http://localhost/exam/Exo1/src/api.php,39,0,1
1740752986236,44,HTTP Request,200,OK,Thread Group 1-248,text,true,,307,257,20,20,http://localhost/exam/Exo1/src/api.php,44,0,0
1740752986274,17,HTTP Request,200,OK,Thread Group 1-268,text,true,,307,257,21,21,http://localhost/exam/Exo1/src/api.php,17,0,0
1740752986256,39,HTTP Request,200,OK,Thread Group 1-258,text,true,,307,257,21,21,http://localhost/exam/Exo1/src/api.php,39,0,0
1740752986253,43,HTTP Request,200,OK,Thread Group 1-257,text,true,,307,257,21,21,http://localhost/exam/Exo1/src/api.php,43,0,0
1740752986252,45,HTTP Request,200,OK,Thread Group 1-256,text,true,,307,257,21,21,http://localhost/exam/Exo1/src/api.php,45,0,0
1740752986260,39,HTTP Request,200,OK,Thread Group 1-261,text,true,,307,257,20,20,http://localhost/exam/Exo1/src/api.php,39,0,0
1740752986258,41,HTTP Request,200,OK,Thread Group 1-260,text,true,,307,257,20,20,http://localhost/exam/Exo1/src/api.php,41,0,0
1740752986263,36,HTTP Request,200,OK,Thread Group 1-262,text,true,,307,257,18,18,http://localhost/exam/Exo1/src/api.php,36,0,0
1740752986257,45,HTTP Request,200,OK,Thread Group 1-259,text,true,,307,257,19,19,http://localhost/exam/Exo1/src/api.php,45,0,0
1740752986264,38,HTTP Request,200,OK,Thread Group 1-263,text,true,,307,257,19,19,http://localhost/exam/Exo1/src/api.php,38,0,0
1740752986279,25,HTTP Request,200,OK,Thread Group 1-270,text,true,,307,257,18,18,http://localhost/exam/Exo1/src/api.php,25,0,0
1740752986277,27,HTTP Request,200,OK,Thread Group 1-269,text,true,,307,257,18,18,http://localhost/exam/Exo1/src/api.php,27,0,1
1740752986282,22,HTTP Request,200,OK,Thread Group 1-272,text,true,,307,257,18,18,http://localhost/exam/Exo1/src/api.php,22,0,1
1740752986267,38,HTTP Request,200,OK,Thread Group 1-264,text,true,,307,257,17,17,http://localhost/exam/Exo1/src/api.php,38,0,0
1740752986281,28,HTTP Request,200,OK,Thread Group 1-271,text,true,,307,257,16,16,http://localhost/exam/Exo1/src/api.php,28,0,0
1740752986273,36,HTTP Request,200,OK,Thread Group 1-267,text,true,,307,257,15,15,http://localhost/exam/Exo1/src/api.php,36,0,0
1740752986272,39,HTTP Request,200,OK,Thread Group 1-266,text,true,,307,257,15,15,http://localhost/exam/Exo1/src/api.php,39,0,0
1740752986270,44,HTTP Request,200,OK,Thread Group 1-265,text,true,,307,257,16,16,http://localhost/exam/Exo1/src/api.php,44,0,0
1740752986285,35,HTTP Request,200,OK,Thread Group 1-273,text,true,,307,257,18,18,http://localhost/exam/Exo1/src/api.php,35,0,0
1740752986287,41,HTTP Request,200,OK,Thread Group 1-274,text,true,,307,257,21,21,http://localhost/exam/Exo1/src/api.php,41,0,0
1740752986291,37,HTTP Request,200,OK,Thread Group 1-276,text,true,,307,257,21,21,http://localhost/exam/Exo1/src/api.php,37,0,0
1740752986289,39,HTTP Request,200,OK,Thread Group 1-275,text,true,,307,257,21,21,http://localhost/exam/Exo1/src/api.php,39,0,0
1740752986297,31,HTTP Request,200,OK,Thread Group 1-279,text,true,,307,257,20,20,http://localhost/exam/Exo1/src/api.php,31,0,0
1740752986293,35,HTTP Request,200,OK,Thread Group 1-277,text,true,,307,257,20,20,http://localhost/exam/Exo1/src/api.php,35,0,0
1740752986296,32,HTTP Request,200,OK,Thread Group 1-278,text,true,,307,257,16,16,http://localhost/exam/Exo1/src/api.php,32,0,0
1740752986305,29,HTTP Request,200,OK,Thread Group 1-283,text,true,,307,257,18,18,http://localhost/exam/Exo1/src/api.php,29,0,0
1740752986310,27,HTTP Request,200,OK,Thread Group 1-285,text,true,,307,257,19,19,http://localhost/exam/Exo1/src/api.php,27,0,0
1740752986307,35,HTTP Request,200,OK,Thread Group 1-284,text,true,,307,257,20,20,http://localhost/exam/Exo1/src/api.php,35,0,1
1740752986332,10,HTTP Request,200,OK,Thread Group 1-297,text,true,,307,257,20,20,http://localhost/exam/Exo1/src/api.php,10,0,0
1740752986302,40,HTTP Request,200,OK,Thread Group 1-282,text,true,,307,257,19,19,http://localhost/exam/Exo1/src/api.php,40,0,1
1740752986311,31,HTTP Request,200,OK,Thread Group 1-286,text,true,,307,257,19,19,http://localhost/exam/Exo1/src/api.php,31,0,0
1740752986313,29,HTTP Request,200,OK,Thread Group 1-287,text,true,,307,257,19,19,http://localhost/exam/Exo1/src/api.php,29,0,0
1740752986300,42,HTTP Request,200,OK,Thread Group 1-280,text,true,,307,257,16,16,http://localhost/exam/Exo1/src/api.php,42,0,0
1740752986301,44,HTTP Request,200,OK,Thread Group 1-281,text,true,,307,257,16,16,http://localhost/exam/Exo1/src/api.php,44,0,0
1740752986315,34,HTTP Request,200,OK,Thread Group 1-288,text,true,,307,257,17,17,http://localhost/exam/Exo1/src/api.php,34,0,0
1740752986319,36,HTTP Request,200,OK,Thread Group 1-290,text,true,,307,257,19,19,http://localhost/exam/Exo1/src/api.php,36,0,1
1740752986317,38,HTTP Request,200,OK,Thread Group 1-289,text,true,,307,257,19,19,http://localhost/exam/Exo1/src/api.php,38,0,1
1740752986326,29,HTTP Request,200,OK,Thread Group 1-293,text,true,,307,257,19,19,http://localhost/exam/Exo1/src/api.php,29,0,1
1740752986322,33,HTTP Request,200,OK,Thread Group 1-291,text,true,,307,257,19,19,http://localhost/exam/Exo1/src/api.php,33,0,0
1740752986324,31,HTTP Request,200,OK,Thread Group 1-292,text,true,,307,257,15,15,http://localhost/exam/Exo1/src/api.php,31,0,0
1740752986327,29,HTTP Request,200,OK,Thread Group 1-294,text,true,,307,257,15,15,http://localhost/exam/Exo1/src/api.php,29,0,1
1740752986345,17,HTTP Request,200,OK,Thread Group 1-303,text,true,,307,257,16,16,http://localhost/exam/Exo1/src/api.php,17,0,1
1740752986339,27,HTTP Request,200,OK,Thread Group 1-300,text,true,,307,257,17,17,http://localhost/exam/Exo1/src/api.php,27,0,0
1740752986342,24,HTTP Request,200,OK,Thread Group 1-302,text,true,,307,257,17,17,http://localhost/exam/Exo1/src/api.php,24,0,0
1740752986340,28,HTTP Request,200,OK,Thread Group 1-301,text,true,,307,257,15,15,http://localhost/exam/Exo1/src/api.php,28,0,0
1740752986334,36,HTTP Request,200,OK,Thread Group 1-298,text,true,,307,257,16,16,http://localhost/exam/Exo1/src/api.php,36,0,0
1740752986337,33,HTTP Request,200,OK,Thread Group 1-299,text,true,,307,257,16,16,http://localhost/exam/Exo1/src/api.php,33,0,1
1740752986332,38,HTTP Request,200,OK,Thread Group 1-296,text,true,,307,257,16,16,http://localhost/exam/Exo1/src/api.php,38,0,0
1740752986330,40,HTTP Request,200,OK,Thread Group 1-295,text,true,,307,257,16,16,http://localhost/exam/Exo1/src/api.php,40,0,0
1740752986350,30,HTTP Request,200,OK,Thread Group 1-306,text,true,,307,257,16,16,http://localhost/exam/Exo1/src/api.php,30,0,1
1740752986348,34,HTTP Request,200,OK,Thread Group 1-305,text,true,,307,257,16,16,http://localhost/exam/Exo1/src/api.php,34,0,0
1740752986354,30,HTTP Request,200,OK,Thread Group 1-308,text,true,,307,257,17,17,http://localhost/exam/Exo1/src/api.php,30,0,1
1740752986361,23,HTTP Request,200,OK,Thread Group 1-311,text,true,,307,257,17,17,http://localhost/exam/Exo1/src/api.php,23,0,0
1740752986357,27,HTTP Request,200,OK,Thread Group 1-309,text,true,,307,257,17,17,http://localhost/exam/Exo1/src/api.php,27,0,0
1740752986358,26,HTTP Request,200,OK,Thread Group 1-310,text,true,,307,257,17,17,http://localhost/exam/Exo1/src/api.php,26,0,1
1740752986353,33,HTTP Request,200,OK,Thread Group 1-307,text,true,,307,257,13,13,http://localhost/exam/Exo1/src/api.php,33,0,1
1740752986347,39,HTTP Request,200,OK,Thread Group 1-304,text,true,,307,257,13,13,http://localhost/exam/Exo1/src/api.php,39,0,0
1740752986377,15,HTTP Request,200,OK,Thread Group 1-318,text,true,,307,257,15,15,http://localhost/exam/Exo1/src/api.php,15,0,0
1740752986374,24,HTTP Request,200,OK,Thread Group 1-317,text,true,,307,257,16,16,http://localhost/exam/Exo1/src/api.php,24,0,0
1740752986386,12,HTTP Request,200,OK,Thread Group 1-323,text,true,,307,257,16,16,http://localhost/exam/Exo1/src/api.php,12,0,0
1740752986371,31,HTTP Request,200,OK,Thread Group 1-316,text,true,,307,257,17,17,http://localhost/exam/Exo1/src/api.php,31,0,0
1740752986365,41,HTTP Request,200,OK,Thread Group 1-313,text,true,,307,257,18,18,http://localhost/exam/Exo1/src/api.php,41,0,0
1740752986368,38,HTTP Request,200,OK,Thread Group 1-314,text,true,,307,257,18,18,http://localhost/exam/Exo1/src/api.php,38,0,0
1740752986369,39,HTTP Request,200,OK,Thread Group 1-315,text,true,,307,257,17,17,http://localhost/exam/Exo1/src/api.php,39,0,1
1740752986364,44,HTTP Request,200,OK,Thread Group 1-312,text,true,,307,257,17,17,http://localhost/exam/Exo1/src/api.php,44,0,0
1740752986388,20,HTTP Request,200,OK,Thread Group 1-324,text,true,,307,257,17,17,http://localhost/exam/Exo1/src/api.php,20,0,0
1740752986400,11,HTTP Request,200,OK,Thread Group 1-329,text,true,,307,257,15,15,http://localhost/exam/Exo1/src/api.php,11,0,0
1740752986378,35,HTTP Request,200,OK,Thread Group 1-319,text,true,,307,257,14,14,http://localhost/exam/Exo1/src/api.php,35,0,0
1740752986384,29,HTTP Request,200,OK,Thread Group 1-322,text,true,,307,257,14,14,http://localhost/exam/Exo1/src/api.php,29,0,0
1740752986390,23,HTTP Request,200,OK,Thread Group 1-326,text,true,,307,257,14,14,http://localhost/exam/Exo1/src/api.php,23,0,1
1740752986389,24,HTTP Request,200,OK,Thread Group 1-325,text,true,,307,257,14,14,http://localhost/exam/Exo1/src/api.php,24,0,1
1740752986380,37,HTTP Request,200,OK,Thread Group 1-320,text,true,,307,257,13,13,http://localhost/exam/Exo1/src/api.php,37,0,0
1740752986382,37,HTTP Request,200,OK,Thread Group 1-321,text,true,,307,257,13,13,http://localhost/exam/Exo1/src/api.php,37,0,0
1740752986411,15,HTTP Request,200,OK,Thread Group 1-335,text,true,,307,257,16,16,http://localhost/exam/Exo1/src/api.php,15,0,0
1740752986408,18,HTTP Request,200,OK,Thread Group 1-334,text,true,,307,257,16,16,http://localhost/exam/Exo1/src/api.php,18,0,0
1740752986401,29,HTTP Request,200,OK,Thread Group 1-331,text,true,,307,257,16,16,http://localhost/exam/Exo1/src/api.php,29,0,1
1740752986394,36,HTTP Request,200,OK,Thread Group 1-327,text,true,,307,257,16,16,http://localhost/exam/Exo1/src/api.php,36,0,0
1740752986403,29,HTTP Request,200,OK,Thread Group 1-332,text,true,,307,257,15,15,http://localhost/exam/Exo1/src/api.php,29,0,1
1740752986401,31,HTTP Request,200,OK,Thread Group 1-330,text,true,,307,257,15,15,http://localhost/exam/Exo1/src/api.php,31,0,1
1740752986405,27,HTTP Request,200,OK,Thread Group 1-333,text,true,,307,257,15,15,http://localhost/exam/Exo1/src/api.php,27,0,1
1740752986396,36,HTTP Request,200,OK,Thread Group 1-328,text,true,,307,257,15,15,http://localhost/exam/Exo1/src/api.php,36,0,0
1740752986414,26,HTTP Request,200,OK,Thread Group 1-337,text,true,,307,257,15,15,http://localhost/exam/Exo1/src/api.php,26,0,1
1740752986420,24,HTTP Request,200,OK,Thread Group 1-340,text,true,,307,257,16,16,http://localhost/exam/Exo1/src/api.php,24,0,0
1740752986418,26,HTTP Request,200,OK,Thread Group 1-339,text,true,,307,257,16,16,http://localhost/exam/Exo1/src/api.php,26,0,0
1740752986423,25,HTTP Request,200,OK,Thread Group 1-341,text,true,,307,257,16,16,http://localhost/exam/Exo1/src/api.php,25,0,0
1740752986415,33,HTTP Request,200,OK,Thread Group 1-338,text,true,,307,257,16,16,http://localhost/exam/Exo1/src/api.php,33,0,0
1740752986414,38,HTTP Request,200,OK,Thread Group 1-336,text,true,,307,257,16,16,http://localhost/exam/Exo1/src/api.php,38,0,1
1740752986439,15,HTTP Request,200,OK,Thread Group 1-350,text,true,,307,257,16,16,http://localhost/exam/Exo1/src/api.php,15,0,0
1740752986443,11,HTTP Request,200,OK,Thread Group 1-352,text,true,,307,257,16,16,http://localhost/exam/Exo1/src/api.php,11,0,0
1740752986443,13,HTTP Request,200,OK,Thread Group 1-351,text,true,,307,257,15,15,http://localhost/exam/Exo1/src/api.php,13,0,0
1740752986424,32,HTTP Request,200,OK,Thread Group 1-342,text,true,,307,257,15,15,http://localhost/exam/Exo1/src/api.php,32,0,0
1740752986430,30,HTTP Request,200,OK,Thread Group 1-345,text,true,,307,257,15,15,http://localhost/exam/Exo1/src/api.php,30,0,0
1740752986435,25,HTTP Request,200,OK,Thread Group 1-347,text,true,,307,257,15,15,http://localhost/exam/Exo1/src/api.php,25,0,0
1740752986437,23,HTTP Request,200,OK,Thread Group 1-349,text,true,,307,257,15,15,http://localhost/exam/Exo1/src/api.php,23,0,0
1740752986436,30,HTTP Request,200,OK,Thread Group 1-348,text,true,,307,257,15,15,http://localhost/exam/Exo1/src/api.php,30,0,1
1740752986425,41,HTTP Request,200,OK,Thread Group 1-343,text,true,,307,257,15,15,http://localhost/exam/Exo1/src/api.php,41,0,0
1740752986427,41,HTTP Request,200,OK,Thread Group 1-344,text,true,,307,257,14,14,http://localhost/exam/Exo1/src/api.php,41,0,0
1740752986431,37,HTTP Request,200,OK,Thread Group 1-346,text,true,,307,257,14,14,http://localhost/exam/Exo1/src/api.php,37,0,0
1740752986452,19,HTTP Request,200,OK,Thread Group 1-356,text,true,,307,257,13,13,http://localhost/exam/Exo1/src/api.php,19,0,0
1740752986446,31,HTTP Request,200,OK,Thread Group 1-353,text,true,,307,257,15,15,http://localhost/exam/Exo1/src/api.php,31,0,0
1740752986450,27,HTTP Request,200,OK,Thread Group 1-355,text,true,,307,257,15,15,http://localhost/exam/Exo1/src/api.php,27,0,0
1740752986453,28,HTTP Request,200,OK,Thread Group 1-357,text,true,,307,257,15,15,http://localhost/exam/Exo1/src/api.php,28,0,0
1740752986448,33,HTTP Request,200,OK,Thread Group 1-354,text,true,,307,257,15,15,http://localhost/exam/Exo1/src/api.php,33,0,0
1740752986478,7,HTTP Request,200,OK,Thread Group 1-369,text,true,,307,257,16,16,http://localhost/exam/Exo1/src/api.php,7,0,0
1740752986458,31,HTTP Request,200,OK,Thread Group 1-359,text,true,,307,257,17,17,http://localhost/exam/Exo1/src/api.php,31,0,0
1740752986468,25,HTTP Request,200,OK,Thread Group 1-364,text,true,,307,257,18,18,http://localhost/exam/Exo1/src/api.php,25,0,0
1740752986459,37,HTTP Request,200,OK,Thread Group 1-360,text,true,,307,257,17,17,http://localhost/exam/Exo1/src/api.php,37,0,0
1740752986465,31,HTTP Request,200,OK,Thread Group 1-363,text,true,,307,257,17,17,http://localhost/exam/Exo1/src/api.php,31,0,0
1740752986487,11,HTTP Request,200,OK,Thread Group 1-374,text,true,,307,257,17,17,http://localhost/exam/Exo1/src/api.php,11,0,1
1740752986461,37,HTTP Request,200,OK,Thread Group 1-361,text,true,,307,257,16,16,http://localhost/exam/Exo1/src/api.php,37,0,1
1740752986455,43,HTTP Request,200,OK,Thread Group 1-358,text,true,,307,257,16,16,http://localhost/exam/Exo1/src/api.php,43,0,1
1740752986462,36,HTTP Request,200,OK,Thread Group 1-362,text,true,,307,257,16,16,http://localhost/exam/Exo1/src/api.php,36,0,1
1740752986473,29,HTTP Request,200,OK,Thread Group 1-367,text,true,,307,257,15,15,http://localhost/exam/Exo1/src/api.php,29,0,1
1740752986482,24,HTTP Request,200,OK,Thread Group 1-371,text,true,,307,257,15,15,http://localhost/exam/Exo1/src/api.php,24,0,0
1740752986480,26,HTTP Request,200,OK,Thread Group 1-370,text,true,,307,257,15,15,http://localhost/exam/Exo1/src/api.php,26,0,0
1740752986476,30,HTTP Request,200,OK,Thread Group 1-368,text,true,,307,257,15,15,http://localhost/exam/Exo1/src/api.php,30,0,0
1740752986484,22,HTTP Request,200,OK,Thread Group 1-372,text,true,,307,257,15,15,http://localhost/exam/Exo1/src/api.php,22,0,0
1740752986471,38,HTTP Request,200,OK,Thread Group 1-366,text,true,,307,257,13,13,http://localhost/exam/Exo1/src/api.php,38,0,1
1740752986470,41,HTTP Request,200,OK,Thread Group 1-365,text,true,,307,257,14,14,http://localhost/exam/Exo1/src/api.php,41,0,1
1740752986489,29,HTTP Request,200,OK,Thread Group 1-375,text,true,,307,257,16,16,http://localhost/exam/Exo1/src/api.php,29,0,1
1740752986496,28,HTTP Request,200,OK,Thread Group 1-378,text,true,,307,257,18,18,http://localhost/exam/Exo1/src/api.php,28,0,0
1740752986499,25,HTTP Request,200,OK,Thread Group 1-380,text,true,,307,257,18,18,http://localhost/exam/Exo1/src/api.php,25,0,0
1740752986492,32,HTTP Request,200,OK,Thread Group 1-376,text,true,,307,257,18,18,http://localhost/exam/Exo1/src/api.php,32,0,1
1740752986497,27,HTTP Request,200,OK,Thread Group 1-379,text,true,,307,257,18,18,http://localhost/exam/Exo1/src/api.php,27,0,0
1740752986485,39,HTTP Request,200,OK,Thread Group 1-373,text,true,,307,257,18,18,http://localhost/exam/Exo1/src/api.php,39,0,1
1740752986493,38,HTTP Request,200,OK,Thread Group 1-377,text,true,,307,257,17,17,http://localhost/exam/Exo1/src/api.php,38,0,1
1740752986515,16,HTTP Request,200,OK,Thread Group 1-388,text,true,,307,257,17,17,http://localhost/exam/Exo1/src/api.php,16,0,0
1740752986522,13,HTTP Request,200,OK,Thread Group 1-391,text,true,,307,257,16,16,http://localhost/exam/Exo1/src/api.php,13,0,0
1740752986501,36,HTTP Request,200,OK,Thread Group 1-381,text,true,,307,257,16,16,http://localhost/exam/Exo1/src/api.php,36,0,1
1740752986511,26,HTTP Request,200,OK,Thread Group 1-386,text,true,,307,257,16,16,http://localhost/exam/Exo1/src/api.php,26,0,0
1740752986503,34,HTTP Request,200,OK,Thread Group 1-382,text,true,,307,257,16,16,http://localhost/exam/Exo1/src/api.php,34,0,1
1740752986514,25,HTTP Request,200,OK,Thread Group 1-387,text,true,,307,257,14,14,http://localhost/exam/Exo1/src/api.php,25,0,0
1740752986508,34,HTTP Request,200,OK,Thread Group 1-384,text,true,,307,257,16,16,http://localhost/exam/Exo1/src/api.php,34,0,0
1740752986507,35,HTTP Request,200,OK,Thread Group 1-383,text,true,,307,257,16,16,http://localhost/exam/Exo1/src/api.php,35,0,0
1740752986510,36,HTTP Request,200,OK,Thread Group 1-385,text,true,,307,257,14,14,http://localhost/exam/Exo1/src/api.php,36,0,0
1740752986517,32,HTTP Request,200,OK,Thread Group 1-389,text,true,,307,257,16,16,http://localhost/exam/Exo1/src/api.php,32,0,1
1740752986520,31,HTTP Request,200,OK,Thread Group 1-390,text,true,,307,257,15,15,http://localhost/exam/Exo1/src/api.php,31,0,0
1740752986523,34,HTTP Request,200,OK,Thread Group 1-392,text,true,,307,257,18,18,http://localhost/exam/Exo1/src/api.php,34,0,0
1740752986524,33,HTTP Request,200,OK,Thread Group 1-393,text,true,,307,257,18,18,http://localhost/exam/Exo1/src/api.php,33,0,0
1740752986531,26,HTTP Request,200,OK,Thread Group 1-396,text,true,,307,257,18,18,http://localhost/exam/Exo1/src/api.php,26,0,0
1740752986530,27,HTTP Request,200,OK,Thread Group 1-395,text,true,,307,257,17,17,http://localhost/exam/Exo1/src/api.php,27,0,0
1740752986526,29,HTTP Request,200,OK,Thread Group 1-394,text,true,,307,257,16,16,http://localhost/exam/Exo1/src/api.php,29,0,0
1740752986535,27,HTTP Request,200,OK,Thread Group 1-398,text,true,,307,257,15,15,http://localhost/exam/Exo1/src/api.php,27,0,1
1740752986542,24,HTTP Request,200,OK,Thread Group 1-402,text,true,,307,257,16,16,http://localhost/exam/Exo1/src/api.php,24,0,1
1740752986540,30,HTTP Request,200,OK,Thread Group 1-400,text,true,,307,257,16,16,http://localhost/exam/Exo1/src/api.php,30,0,0
1740752986547,23,HTTP Request,200,OK,Thread Group 1-404,text,true,,307,257,16,16,http://localhost/exam/Exo1/src/api.php,23,0,1
1740752986538,35,HTTP Request,200,OK,Thread Group 1-399,text,true,,307,257,17,17,http://localhost/exam/Exo1/src/api.php,35,0,0
1740752986533,40,HTTP Request,200,OK,Thread Group 1-397,text,true,,307,257,17,17,http://localhost/exam/Exo1/src/api.php,40,0,1
1740752986546,27,HTTP Request,200,OK,Thread Group 1-403,text,true,,307,257,17,17,http://localhost/exam/Exo1/src/api.php,27,0,1
1740752986559,14,HTTP Request,200,OK,Thread Group 1-410,text,true,,307,257,17,17,http://localhost/exam/Exo1/src/api.php,14,0,1
1740752986541,32,HTTP Request,200,OK,Thread Group 1-401,text,true,,307,257,17,17,http://localhost/exam/Exo1/src/api.php,32,0,0
1740752986554,29,HTTP Request,200,OK,Thread Group 1-407,text,true,,307,257,17,17,http://localhost/exam/Exo1/src/api.php,29,0,1
1740752986562,24,HTTP Request,200,OK,Thread Group 1-411,text,true,,307,257,18,18,http://localhost/exam/Exo1/src/api.php,24,0,1
1740752986555,31,HTTP Request,200,OK,Thread Group 1-408,text,true,,307,257,18,18,http://localhost/exam/Exo1/src/api.php,31,0,1
1740752986551,35,HTTP Request,200,OK,Thread Group 1-406,text,true,,307,257,18,18,http://localhost/exam/Exo1/src/api.php,35,0,1
1740752986557,33,HTTP Request,200,OK,Thread Group 1-409,text,true,,307,257,17,17,http://localhost/exam/Exo1/src/api.php,33,0,0
1740752986549,41,HTTP Request,200,OK,Thread Group 1-405,text,true,,307,257,17,17,http://localhost/exam/Exo1/src/api.php,41,0,1
1740752986563,31,HTTP Request,200,OK,Thread Group 1-412,text,true,,307,257,16,16,http://localhost/exam/Exo1/src/api.php,31,0,1
1740752986572,26,HTTP Request,200,OK,Thread Group 1-417,text,true,,307,257,17,17,http://localhost/exam/Exo1/src/api.php,26,0,0
1740752986576,22,HTTP Request,200,OK,Thread Group 1-419,text,true,,307,257,17,17,http://localhost/exam/Exo1/src/api.php,22,0,1
1740752986568,33,HTTP Request,200,OK,Thread Group 1-414,text,true,,307,257,17,17,http://localhost/exam/Exo1/src/api.php,33,0,0
1740752986579,22,HTTP Request,200,OK,Thread Group 1-420,text,true,,307,257,17,17,http://localhost/exam/Exo1/src/api.php,22,0,0
1740752986574,27,HTTP Request,200,OK,Thread Group 1-418,text,true,,307,257,17,17,http://localhost/exam/Exo1/src/api.php,27,0,1
1740752986572,31,HTTP Request,200,OK,Thread Group 1-416,text,true,,307,257,15,15,http://localhost/exam/Exo1/src/api.php,31,0,0
1740752986570,37,HTTP Request,200,OK,Thread Group 1-415,text,true,,307,257,16,16,http://localhost/exam/Exo1/src/api.php,37,0,1
1740752986566,41,HTTP Request,200,OK,Thread Group 1-413,text,true,,307,257,16,16,http://localhost/exam/Exo1/src/api.php,41,0,0
1740752986592,15,HTTP Request,200,OK,Thread Group 1-427,text,true,,307,257,16,16,http://localhost/exam/Exo1/src/api.php,15,0,1
1740752986587,26,HTTP Request,200,OK,Thread Group 1-424,text,true,,307,257,16,16,http://localhost/exam/Exo1/src/api.php,26,0,0
1740752986590,26,HTTP Request,200,OK,Thread Group 1-426,text,true,,307,257,16,16,http://localhost/exam/Exo1/src/api.php,26,0,0
1740752986589,31,HTTP Request,200,OK,Thread Group 1-425,text,true,,307,257,18,18,http://localhost/exam/Exo1/src/api.php,31,0,0
1740752986584,36,HTTP Request,200,OK,Thread Group 1-423,text,true,,307,257,18,18,http://localhost/exam/Exo1/src/api.php,36,0,1
1740752986583,37,HTTP Request,200,OK,Thread Group 1-422,text,true,,307,257,18,18,http://localhost/exam/Exo1/src/api.php,37,0,0
1740752986581,43,HTTP Request,200,OK,Thread Group 1-421,text,true,,307,257,16,16,http://localhost/exam/Exo1/src/api.php,43,0,0
1740752986606,21,HTTP Request,200,OK,Thread Group 1-434,text,true,,307,257,17,17,http://localhost/exam/Exo1/src/api.php,21,0,1
1740752986608,26,HTTP Request,200,OK,Thread Group 1-435,text,true,,307,257,19,19,http://localhost/exam/Exo1/src/api.php,26,0,1
1740752986597,39,HTTP Request,200,OK,Thread Group 1-429,text,true,,307,257,19,19,http://localhost/exam/Exo1/src/api.php,39,0,0
1740752986601,35,HTTP Request,200,OK,Thread Group 1-431,text,true,,307,257,19,19,http://localhost/exam/Exo1/src/api.php,35,0,0
1740752986594,45,HTTP Request,200,OK,Thread Group 1-428,text,true,,307,257,18,18,http://localhost/exam/Exo1/src/api.php,45,0,1
1740752986599,40,HTTP Request,200,OK,Thread Group 1-430,text,true,,307,257,18,18,http://localhost/exam/Exo1/src/api.php,40,0,0
1740752986603,36,HTTP Request,200,OK,Thread Group 1-432,text,true,,307,257,18,18,http://localhost/exam/Exo1/src/api.php,36,0,0
1740752986604,35,HTTP Request,200,OK,Thread Group 1-433,text,true,,307,257,18,18,http://localhost/exam/Exo1/src/api.php,35,0,0
1740752986619,24,HTTP Request,200,OK,Thread Group 1-440,text,true,,307,257,17,17,http://localhost/exam/Exo1/src/api.php,24,0,0
1740752986611,36,HTTP Request,200,OK,Thread Group 1-436,text,true,,307,257,18,18,http://localhost/exam/Exo1/src/api.php,36,0,0
1740752986615,32,HTTP Request,200,OK,Thread Group 1-438,text,true,,307,257,18,18,http://localhost/exam/Exo1/src/api.php,32,0,0
1740752986624,23,HTTP Request,200,OK,Thread Group 1-443,text,true,,307,257,18,18,http://localhost/exam/Exo1/src/api.php,23,0,0
1740752986617,30,HTTP Request,200,OK,Thread Group 1-439,text,true,,307,257,18,18,http://localhost/exam/Exo1/src/api.php,30,0,0
1740752986612,38,HTTP Request,200,OK,Thread Group 1-437,text,true,,307,257,15,15,http://localhost/exam/Exo1/src/api.php,38,0,1
1740752986623,27,HTTP Request,200,OK,Thread Group 1-442,text,true,,307,257,15,15,http://localhost/exam/Exo1/src/api.php,27,0,0
1740752986620,30,HTTP Request,200,OK,Thread Group 1-441,text,true,,307,257,15,15,http://localhost/exam/Exo1/src/api.php,30,0,0
1740752986635,17,HTTP Request,200,OK,Thread Group 1-448,text,true,,307,257,13,13,http://localhost/exam/Exo1/src/api.php,17,0,0
1740752986637,19,HTTP Request,200,OK,Thread Group 1-449,text,true,,307,257,14,14,http://localhost/exam/Exo1/src/api.php,19,0,1
1740752986626,35,HTTP Request,200,OK,Thread Group 1-444,text,true,,307,257,16,16,http://localhost/exam/Exo1/src/api.php,35,0,0
1740752986628,33,HTTP Request,200,OK,Thread Group 1-445,text,true,,307,257,16,16,http://localhost/exam/Exo1/src/api.php,33,0,0
1740752986630,33,HTTP Request,200,OK,Thread Group 1-446,text,true,,307,257,15,15,http://localhost/exam/Exo1/src/api.php,33,0,0
1740752986633,30,HTTP Request,200,OK,Thread Group 1-447,text,true,,307,257,15,15,http://localhost/exam/Exo1/src/api.php,30,0,0
1740752986642,29,HTTP Request,200,OK,Thread Group 1-452,text,true,,307,257,16,16,http://localhost/exam/Exo1/src/api.php,29,0,0
1740752986641,36,HTTP Request,200,OK,Thread Group 1-450,text,true,,307,257,18,18,http://localhost/exam/Exo1/src/api.php,36,0,1
1740752986641,36,HTTP Request,200,OK,Thread Group 1-451,text,true,,307,257,18,18,http://localhost/exam/Exo1/src/api.php,36,0,1
1740752986653,24,HTTP Request,200,OK,Thread Group 1-457,text,true,,307,257,18,18,http://localhost/exam/Exo1/src/api.php,24,0,1
1740752986649,31,HTTP Request,200,OK,Thread Group 1-455,text,true,,307,257,18,18,http://localhost/exam/Exo1/src/api.php,31,0,0
1740752986644,36,HTTP Request,200,OK,Thread Group 1-453,text,true,,307,257,18,18,http://localhost/exam/Exo1/src/api.php,36,0,0
1740752986647,33,HTTP Request,200,OK,Thread Group 1-454,text,true,,307,257,18,18,http://localhost/exam/Exo1/src/api.php,33,0,0
1740752986651,29,HTTP Request,200,OK,Thread Group 1-456,text,true,,307,257,17,17,http://localhost/exam/Exo1/src/api.php,29,0,0
1740752986658,28,HTTP Request,200,OK,Thread Group 1-460,text,true,,307,257,16,16,http://localhost/exam/Exo1/src/api.php,28,0,0
1740752986655,33,HTTP Request,200,OK,Thread Group 1-458,text,true,,307,257,16,16,http://localhost/exam/Exo1/src/api.php,33,0,1
1740752986657,31,HTTP Request,200,OK,Thread Group 1-459,text,true,,307,257,16,16,http://localhost/exam/Exo1/src/api.php,31,0,0
1740752986667,23,HTTP Request,200,OK,Thread Group 1-464,text,true,,307,257,15,15,http://localhost/exam/Exo1/src/api.php,23,0,0
1740752986664,26,HTTP Request,200,OK,Thread Group 1-463,text,true,,307,257,15,15,http://localhost/exam/Exo1/src/api.php,26,0,0
1740752986661,31,HTTP Request,200,OK,Thread Group 1-461,text,true,,307,257,14,14,http://localhost/exam/Exo1/src/api.php,31,0,1
1740752986662,30,HTTP Request,200,OK,Thread Group 1-462,text,true,,307,257,14,14,http://localhost/exam/Exo1/src/api.php,30,0,0
1740752986669,25,HTTP Request,200,OK,Thread Group 1-465,text,true,,307,257,13,13,http://localhost/exam/Exo1/src/api.php,25,0,0
1740752986678,24,HTTP Request,200,OK,Thread Group 1-469,text,true,,307,257,16,16,http://localhost/exam/Exo1/src/api.php,24,0,0
1740752986672,32,HTTP Request,200,OK,Thread Group 1-466,text,true,,307,257,16,16,http://localhost/exam/Exo1/src/api.php,32,0,0
1740752986682,22,HTTP Request,200,OK,Thread Group 1-472,text,true,,307,257,16,16,http://localhost/exam/Exo1/src/api.php,22,0,1
1740752986684,22,HTTP Request,200,OK,Thread Group 1-473,text,true,,307,257,15,15,http://localhost/exam/Exo1/src/api.php,22,0,0
1740752986680,28,HTTP Request,200,OK,Thread Group 1-471,text,true,,307,257,15,15,http://localhost/exam/Exo1/src/api.php,28,0,1
1740752986679,29,HTTP Request,200,OK,Thread Group 1-470,text,true,,307,257,15,15,http://localhost/exam/Exo1/src/api.php,29,0,0
1740752986676,34,HTTP Request,200,OK,Thread Group 1-468,text,true,,307,257,14,14,http://localhost/exam/Exo1/src/api.php,34,0,0
1740752986673,37,HTTP Request,200,OK,Thread Group 1-467,text,true,,307,257,14,14,http://localhost/exam/Exo1/src/api.php,37,0,0
1740752986691,26,HTTP Request,200,OK,Thread Group 1-476,text,true,,307,257,16,16,http://localhost/exam/Exo1/src/api.php,26,0,0
1740752986687,32,HTTP Request,200,OK,Thread Group 1-474,text,true,,307,257,16,16,http://localhost/exam/Exo1/src/api.php,32,0,0
1740752986696,23,HTTP Request,200,OK,Thread Group 1-478,text,true,,307,257,16,16,http://localhost/exam/Exo1/src/api.php,23,0,0
1740752986698,23,HTTP Request,200,OK,Thread Group 1-479,text,true,,307,257,14,14,http://localhost/exam/Exo1/src/api.php,23,0,0
1740752986690,31,HTTP Request,200,OK,Thread Group 1-475,text,true,,307,257,14,14,http://localhost/exam/Exo1/src/api.php,31,0,0
1740752986693,31,HTTP Request,200,OK,Thread Group 1-477,text,true,,307,257,14,14,http://localhost/exam/Exo1/src/api.php,31,0,0
1740752986700,24,HTTP Request,200,OK,Thread Group 1-480,text,true,,307,257,14,14,http://localhost/exam/Exo1/src/api.php,24,0,1
1740752986717,15,HTTP Request,200,OK,Thread Group 1-489,text,true,,307,257,16,16,http://localhost/exam/Exo1/src/api.php,15,0,0
1740752986701,33,HTTP Request,200,OK,Thread Group 1-481,text,true,,307,257,16,16,http://localhost/exam/Exo1/src/api.php,33,0,1
1740752986713,21,HTTP Request,200,OK,Thread Group 1-487,text,true,,307,257,16,16,http://localhost/exam/Exo1/src/api.php,21,0,1
1740752986712,24,HTTP Request,200,OK,Thread Group 1-486,text,true,,307,257,15,15,http://localhost/exam/Exo1/src/api.php,24,0,1
1740752986704,32,HTTP Request,200,OK,Thread Group 1-482,text,true,,307,257,15,15,http://localhost/exam/Exo1/src/api.php,32,0,0
1740752986708,29,HTTP Request,200,OK,Thread Group 1-484,text,true,,307,257,13,13,http://localhost/exam/Exo1/src/api.php,29,0,0
1740752986706,32,HTTP Request,200,OK,Thread Group 1-483,text,true,,307,257,13,13,http://localhost/exam/Exo1/src/api.php,32,0,0
1740752986716,24,HTTP Request,200,OK,Thread Group 1-488,text,true,,307,257,13,13,http://localhost/exam/Exo1/src/api.php,24,0,0
1740752986709,34,HTTP Request,200,OK,Thread Group 1-485,text,true,,307,257,12,12,http://localhost/exam/Exo1/src/api.php,34,0,1
1740752986733,15,HTTP Request,200,OK,Thread Group 1-497,text,true,,307,257,11,11,http://localhost/exam/Exo1/src/api.php,15,0,0
1740752986731,19,HTTP Request,200,OK,Thread Group 1-496,text,true,,307,257,10,10,http://localhost/exam/Exo1/src/api.php,19,0,0
1740752986723,27,HTTP Request,200,OK,Thread Group 1-492,text,true,,307,257,10,10,http://localhost/exam/Exo1/src/api.php,27,0,1
1740752986726,26,HTTP Request,200,OK,Thread Group 1-494,text,true,,307,257,8,8,http://localhost/exam/Exo1/src/api.php,26,0,0
1740752986728,26,HTTP Request,200,OK,Thread Group 1-495,text,true,,307,257,7,7,http://localhost/exam/Exo1/src/api.php,26,0,1
1740752986725,29,HTTP Request,200,OK,Thread Group 1-493,text,true,,307,257,6,6,http://localhost/exam/Exo1/src/api.php,29,0,0
1740752986722,32,HTTP Request,200,OK,Thread Group 1-491,text,true,,307,257,6,6,http://localhost/exam/Exo1/src/api.php,32,0,0
1740752986719,35,HTTP Request,200,OK,Thread Group 1-490,text,true,,307,257,6,6,http://localhost/exam/Exo1/src/api.php,35,0,1
1740752986738,26,HTTP Request,200,OK,Thread Group 1-499,text,true,,307,257,3,3,http://localhost/exam/Exo1/src/api.php,26,0,0
1740752986735,31,HTTP Request,200,OK,Thread Group 1-498,text,true,,307,257,2,2,http://localhost/exam/Exo1/src/api.php,31,0,1
1740752986740,26,HTTP Request,200,OK,Thread Group 1-500,text,true,,307,257,2,2,http://localhost/exam/Exo1/src/api.php,26,0,0
